sha,filename,url,lines,title,comment,priority,category,additional,id,private
2892a07ced9ce7b0c8da1b7aa5a28ab7823567dc,/src/bootstrapper.cc,,450:20-450:45,存储 new Function 创建的函数,-,0,Code Walkthrough,,c981767a-c248-487b-981c-64fd1fa2e2f2,0
2892a07ced9ce7b0c8da1b7aa5a28ab7823567dc,/src/bootstrapper.cc,,470:16-470:31,initial_map 是构造函数的初始映射,initial_map 是构造函数的初始映射，它定义了当这个函数作为构造函数使用时（通过 new 操作符调用）创建的对象的基本结构和属性。,0,Code Walkthrough,,1baaf95d-80b7-49bf-87d6-bcfa1684b28b,0
2892a07ced9ce7b0c8da1b7aa5a28ab7823567dc,/src/builtins.h,,176:35-176:44,Builtins::Setup() 中设置的数组,-,0,Code Walkthrough,,2fa9d20b-269d-4d87-b8d2-8045c1ae9d8e,0
2892a07ced9ce7b0c8da1b7aa5a28ab7823567dc,/src/factory.cc,,53:27-53:39,安全地调用可能触发垃圾回收的堆操作函数,,0,Code Walkthrough,,a1976046-8450-45a2-9184-158f081c2484,0
2892a07ced9ce7b0c8da1b7aa5a28ab7823567dc,/src/bootstrapper.cc,,487:26-487:61,调用到堆的符号查找机制，确保相同字符串的Symbol只创建一次，实现了Symbol的唯一性,"""""在堆中查找Symbol""""的含义是：在存储于堆内存中的符号表数据结构中查找或创建Symbol对象。这是V8实现Symbol唯一性和高效管理的核心机制。\n\n查找不慢吗?\nV8中的Symbol查找基于哈希表实现，具体在 SymbolTable 类中。",0,Code Walkthrough,,dd807642-364b-4e3a-a9b5-6ba28f4f5bb3,0
aeef99615dea0e7a12c43fa7f392af290b54381c,/src/api.cc,,830:22-830:41,构造时创建的的指针是 ObjectTemplateInfo,构造时创建的的指针是 ObjectTemplateInfo。创建完成后用 ToLocal 转回为 ObjectTemplate,0,Code Walkthrough,,ad13c2ca-35df-49d6-984f-29712d032cc9,0
7a84c50ed1fd12abd3f4072da5224ce299780f11,/public/v8.h,,389:8-389:12,存储当前 HandleScope 的指针,在 HandleScope::Data 类中，next 和 limit 是用于管理句柄块（handle block）中句柄分配的关键指针。 v8.h:389-398\n\nnext 和 limit 的用途\nnext 指针\nnext 指向当前句柄块中下一个可用的句柄位置。 api.cc:362-400 当创建新句柄时，CreateHandle() 函数会：\n\n将 current_.next 的值作为新句柄的存储位置\n在该位置存储句柄值\n将 current_.next 递增指向下一个位置\nlimit 指针\nlimit 指向当前句柄块的末尾边界，用于检测当前块是否已满。 api.cc:364-391 当 result == current_.limit 时，表示当前块已满，需要分配新的扩展块。\n\n工作流程\n句柄分配的完整流程如下：\n\n检查空间: 比较 next 和 limit 判断当前块是否还有空间\n分配扩展块: 如果空间不足，通过 GetSpareOrNewBlock() 获取新块\n更新指针: 设置新的 limit 指向新块的末尾\n分配句柄: 在 next 位置存储句柄值，然后递增 next\n初始化状态\n在 Initialize() 方法中，next 和 limit 都被设置为 NULL，extensions 设置为 -1，表示初始状态下没有可用的句柄块。 v8.h:394-398\n\nNotes\n这种设计实现了高效的线性分配策略，通过简单的指针比较和递增操作来管理句柄分配，避免了复杂的内存管理开销。当句柄块用完时，系统会自动扩展到新的块，确保句柄分配的连续性。,0,Code Walkthrough,,0edace07-55c3-4587-9307-396160093603,0
7a84c50ed1fd12abd3f4072da5224ce299780f11,/public/v8.h,,870:5-870:22,JS 里设置属性描述符,"const obj = {};\n\nObject.defineProperty(obj, """"x"""", {\n  value: 42,\n  writable: false,     // 对应 V8 的 ReadOnly\n  enumerable: false,   // 对应 V8 的 DontEnum\n  configurable: false  // 对应 V8 的 DontDelete\n});\n\nconsole.log(obj.x);   // 42\nobj.x = 100;          // 静默失败（非严格模式），严格模式抛 TypeError\ndelete obj.x;         // false，删除无效\nconsole.log(Object.keys(obj)); // []",0,Code Walkthrough,,9d000a5f-fb01-4193-abd2-79f66a38ae23,0
7a84c50ed1fd12abd3f4072da5224ce299780f11,/src/api.cc,,405:54-405:54,v8::Context 转为 v8::Internal::Context,,0,Code Walkthrough,,ddce0a9f-6540-48c6-a618-1c78c4a6f214,0
7a84c50ed1fd12abd3f4072da5224ce299780f11,/src/api.cc,,2106:0-2107:0,为 global object 补齐 “constructor ” ,这是 V8 给 global object 补齐“constructor <-> instance”对的安全垫，保证它和其他对象一样遵守 FunctionTemplate–ObjectTemplate 的统一机制。,1,Code Walkthrough,,014eb811-6e05-4c37-b0bd-7379ca5b340a,0

